Date,USD/CNY
2014-01-02,6.099
2014-01-03,6.1039
2014-01-06,6.1059
2014-01-07,6.1042
2014-01-08,6.1079
2014-01-09,6.1109
2014-01-10,6.1008
2014-01-13,6.095
2014-01-14,6.093
2014-01-15,6.1005
2014-01-16,6.1065
2014-01-17,6.1041
2014-01-20,6.1083
2014-01-21,6.1066
2014-01-22,6.1087
2014-01-23,6.1107
2014-01-24,6.1035
2014-01-27,6.1022
2014-01-28,6.1053
2014-01-29,6.1073
2014-01-30,6.105
2014-02-07,6.1089
2014-02-10,6.1083
2014-02-11,6.1069
2014-02-12,6.1078
2014-02-13,6.11
2014-02-14,6.107
2014-02-17,6.1053
2014-02-18,6.1073
2014-02-19,6.1103
2014-02-20,6.1146
2014-02-21,6.1176
2014-02-24,6.1189
2014-02-25,6.1184
2014-02-26,6.1192
2014-02-27,6.1224
2014-02-28,6.1214
2014-03-03,6.119
2014-03-04,6.1236
2014-03-05,6.1257
2014-03-06,6.1249
2014-03-07,6.1201
2014-03-10,6.1312
2014-03-11,6.1327
2014-03-12,6.1343
2014-03-13,6.132
2014-03-14,6.1346
2014-03-17,6.1321
2014-03-18,6.1341
2014-03-19,6.1351
2014-03-20,6.146
2014-03-21,6.1475
2014-03-24,6.1452
2014-03-25,6.1426
2014-03-26,6.144
2014-03-27,6.1465
2014-03-28,6.149
2014-03-31,6.1521
2014-04-01,6.1503
2014-04-02,6.1493
2014-04-03,6.152
2014-04-04,6.1557
2014-04-08,6.1527
2014-04-09,6.149
2014-04-10,6.151
2014-04-11,6.1495
2014-04-14,6.1531
2014-04-15,6.1571
2014-04-16,6.1589
2014-04-17,6.1575
2014-04-18,6.1586
2014-04-21,6.1591
2014-04-22,6.161
2014-04-23,6.1599
2014-04-24,6.1589
2014-04-25,6.1576
2014-04-28,6.1565
2014-04-29,6.1556
2014-04-30,6.158
2014-05-05,6.156
2014-05-06,6.1565
2014-05-07,6.1542
2014-05-08,6.1557
2014-05-09,6.1581
2014-05-12,6.1625
2014-05-13,6.1636
2014-05-14,6.1653
2014-05-15,6.164
2014-05-16,6.1628
2014-05-19,6.1636
2014-05-20,6.1626
2014-05-21,6.1645
2014-05-22,6.1658
2014-05-23,6.1681
2014-05-26,6.1699
2014-05-27,6.1687
2014-05-28,6.1694
2014-05-29,6.1705
2014-05-30,6.1695
2014-06-03,6.171
2014-06-04,6.1693
2014-06-05,6.1708
2014-06-06,6.1623
2014-06-09,6.1485
2014-06-10,6.1451
2014-06-11,6.1506
2014-06-12,6.1516
2014-06-13,6.1503
2014-06-16,6.1537
2014-06-17,6.1529
2014-06-18,6.1559
2014-06-19,6.1531
2014-06-20,6.1524
2014-06-23,6.1557
2014-06-24,6.1545
2014-06-25,6.1555
2014-06-26,6.1538
2014-06-27,6.1543
2014-06-30,6.1528
2014-07-01,6.1523
2014-07-02,6.1549
2014-07-03,6.1581
2014-07-04,6.1642
2014-07-07,6.1658
2014-07-08,6.1626
2014-07-09,6.1565
2014-07-10,6.1443
2014-07-11,6.1469
2014-07-14,6.1485
2014-07-15,6.149
2014-07-16,6.1535
2014-07-17,6.1564
2014-07-18,6.1568
2014-07-21,6.1547
2014-07-22,6.1544
2014-07-23,6.1572
2014-07-24,6.1579
2014-07-25,6.1597
2014-07-28,6.1622
2014-07-29,6.1615
2014-07-30,6.1645
2014-07-31,6.1675
2014-08-01,6.1681
2014-08-04,6.1661
2014-08-05,6.1655
2014-08-06,6.1681
2014-08-07,6.167
2014-08-08,6.1562
2014-08-11,6.1522
2014-08-12,6.1517
2014-08-13,6.1533
2014-08-14,6.1545
2014-08-15,6.1538
2014-08-18,6.1528
2014-08-19,6.1548
2014-08-20,6.158
2014-08-21,6.1632
2014-08-22,6.1617
2014-08-25,6.1653
2014-08-26,6.1663
2014-08-27,6.1658
2014-08-28,6.1638
2014-08-29,6.1647
2014-09-01,6.168
2014-09-02,6.1684
2014-09-03,6.1697
2014-09-04,6.1666
2014-09-05,6.1707
2014-09-09,6.152
2014-09-10,6.1425
2014-09-11,6.1453
2014-09-12,6.1468
2014-09-15,6.1452
2014-09-16,6.1462
2014-09-17,6.145
2014-09-18,6.149
2014-09-19,6.1455
2014-09-22,6.1485
2014-09-23,6.147
2014-09-24,6.1462
2014-09-25,6.1497
2014-09-26,6.1508
2014-09-29,6.1539
2014-09-30,6.1525
2014-10-08,6.1493
2014-10-09,6.1461
2014-10-10,6.147
2014-10-13,6.1446
2014-10-14,6.1408
2014-10-15,6.1455
2014-10-16,6.1395
2014-10-17,6.1407
2014-10-20,6.1435
2014-10-21,6.141
2014-10-22,6.1437
2014-10-23,6.1459
2014-10-24,6.1467
2014-10-27,6.1446
2014-10-28,6.1421
2014-10-29,6.1405
2014-10-30,6.1457
2014-10-31,6.1461
2014-11-03,6.1525
2014-11-04,6.1543
2014-11-05,6.1503
2014-11-06,6.1565
2014-11-07,6.1602
2014-11-10,6.1377
2014-11-11,6.1413
2014-11-12,6.1428
2014-11-13,6.1418
2014-11-14,6.1399
2014-11-17,6.1409
2014-11-18,6.143
2014-11-19,6.1397
2014-11-20,6.1417
2014-11-21,6.1387
2014-11-24,6.142
2014-11-25,6.139
2014-11-26,6.1354
2014-11-27,6.132
2014-11-28,6.1345
2014-12-01,6.1369
2014-12-02,6.1325
2014-12-03,6.1376
2014-12-04,6.1411
2014-12-05,6.1373
2014-12-08,6.1282
2014-12-09,6.1231
2014-12-10,6.1195
2014-12-11,6.1153
2014-12-12,6.1184
2014-12-15,6.1152
2014-12-16,6.1182
2014-12-17,6.1137
2014-12-18,6.1195
2014-12-19,6.1205
2014-12-22,6.122
2014-12-23,6.123
2014-12-24,6.1247
2014-12-25,6.1213
2014-12-26,6.1186
2014-12-29,6.1205
2014-12-30,6.1224
2014-12-31,6.119
2015-01-05,6.1248
2015-01-06,6.1256
2015-01-07,6.1269
2015-01-08,6.1302
2015-01-09,6.1296
2015-01-12,6.1233
2015-01-13,6.1195
2015-01-14,6.1205
2015-01-15,6.1193
2015-01-16,6.1188
2015-01-19,6.123
2015-01-20,6.1226
2015-01-21,6.1268
2015-01-22,6.1247
2015-01-23,6.1342
2015-01-26,6.1384
2015-01-27,6.1364
2015-01-28,6.1282
2015-01-29,6.1335
2015-01-30,6.137
2015-02-02,6.1385
2015-02-03,6.1369
2015-02-04,6.1318
2015-02-05,6.1366
2015-02-06,6.1261
2015-02-09,6.1311
2015-02-10,6.1295
2015-02-11,6.1315
2015-02-12,6.1333
2015-02-13,6.1288
2015-02-16,6.1273
2015-02-17,6.133
2015-02-25,6.1384
2015-02-26,6.1379
2015-02-27,6.1475
2015-03-02,6.1513
2015-03-03,6.1543
2015-03-04,6.1525
2015-03-05,6.1528
2015-03-06,6.1533
2015-03-09,6.1563
2015-03-10,6.1572
2015-03-11,6.1597
2015-03-12,6.1617
2015-03-13,6.1588
2015-03-16,6.1615
2015-03-17,6.1585
2015-03-18,6.1556
2015-03-19,6.146
2015-03-20,6.1496
2015-03-23,6.1448
2015-03-24,6.1398
2015-03-25,6.141
2015-03-26,6.1375
2015-03-27,6.1397
2015-03-30,6.1402
2015-03-31,6.1422
2015-04-01,6.1434
2015-04-02,6.1396
2015-04-03,6.1348
2015-04-07,6.1305
2015-04-08,6.1345
2015-04-09,6.1338
2015-04-10,6.137
2015-04-13,6.1395
2015-04-14,6.1407
2015-04-15,6.134
2015-04-16,6.1305
2015-04-17,6.1267
2015-04-20,6.1255
2015-04-21,6.128
2015-04-22,6.129
2015-04-23,6.1281
2015-04-24,6.1241
2015-04-27,6.122
2015-04-28,6.1209
2015-04-29,6.1169
2015-04-30,6.1137
2015-05-04,6.1165
2015-05-05,6.118
2015-05-06,6.1156
2015-05-07,6.1113
2015-05-08,6.1147
2015-05-11,6.1132
2015-05-12,6.1155
2015-05-13,6.1123
2015-05-14,6.1093
2015-05-15,6.1085
2015-05-18,6.1079
2015-05-19,6.1098
2015-05-20,6.1125
2015-05-21,6.1139
2015-05-22,6.1131
2015-05-25,6.1165
2015-05-26,6.1172
2015-05-27,6.1198
2015-05-28,6.1202
2015-05-29,6.1196
2015-06-01,6.1207
2015-06-02,6.1225
2015-06-03,6.1176
2015-06-04,6.1164
2015-06-05,6.1181
2015-06-08,6.1205
2015-06-09,6.1179
2015-06-10,6.1173
2015-06-11,6.115
2015-06-12,6.1167
2015-06-15,6.1169
2015-06-16,6.1155
2015-06-17,6.1158
2015-06-18,6.1126
2015-06-19,6.1104
2015-06-23,6.1119
2015-06-24,6.1142
2015-06-25,6.1148
2015-06-26,6.1137
2015-06-29,6.1168
2015-06-30,6.1136
2015-07-01,6.1149
2015-07-02,6.1171
2015-07-03,6.116
2015-07-06,6.1172
2015-07-07,6.1166
2015-07-08,6.1175
2015-07-09,6.1151
2015-07-10,6.1153
2015-07-13,6.1133
2015-07-14,6.1165
2015-07-15,6.1152
2015-07-16,6.1173
2015-07-17,6.1192
2015-07-20,6.1197
2015-07-21,6.1199
2015-07-22,6.1168
2015-07-23,6.1172
2015-07-24,6.1169
2015-07-27,6.1176
2015-07-28,6.1154
2015-07-29,6.115
2015-07-30,6.1165
2015-07-31,6.1172
2015-08-03,6.1169
2015-08-04,6.1177
2015-08-05,6.1186
2015-08-06,6.1181
2015-08-07,6.1174
2015-08-10,6.1162
2015-08-11,6.2298
2015-08-12,6.3306
2015-08-13,6.401
2015-08-14,6.3975
2015-08-17,6.3969
2015-08-18,6.3966
2015-08-19,6.3963
2015-08-20,6.3915
2015-08-21,6.3864
2015-08-24,6.3862
2015-08-25,6.3987
2015-08-26,6.4043
2015-08-27,6.4085
2015-08-28,6.3986
2015-08-31,6.3893
2015-09-01,6.3752
2015-09-02,6.3619
2015-09-07,6.3584
2015-09-08,6.3639
2015-09-09,6.3632
2015-09-10,6.3772
2015-09-11,6.3719
2015-09-14,6.3709
2015-09-15,6.3665
2015-09-16,6.3712
2015-09-17,6.367
2015-09-18,6.3607
2015-09-21,6.3676
2015-09-22,6.3721
2015-09-23,6.3773
2015-09-24,6.3791
2015-09-25,6.3785
2015-09-28,6.3729
2015-09-29,6.366
2015-09-30,6.3613
2015-10-08,6.3505
2015-10-09,6.3493
2015-10-12,6.3406
2015-10-13,6.3231
2015-10-14,6.3408
2015-10-15,6.3402
2015-10-16,6.3436
2015-10-19,6.3527
2015-10-20,6.3614
2015-10-21,6.3473
2015-10-22,6.3497
2015-10-23,6.3595
2015-10-26,6.3549
2015-10-27,6.3494
2015-10-28,6.3536
2015-10-29,6.3596
2015-10-30,6.3495
2015-11-02,6.3154
2015-11-03,6.331
2015-11-04,6.3343
2015-11-05,6.3381
2015-11-06,6.3459
2015-11-09,6.3578
2015-11-10,6.3602
2015-11-11,6.3614
2015-11-12,6.3628
2015-11-13,6.3655
2015-11-16,6.375
2015-11-17,6.374
2015-11-18,6.3796
2015-11-19,6.3791
2015-11-20,6.378
2015-11-23,6.3867
2015-11-24,6.3888
2015-11-25,6.3877
2015-11-26,6.3896
2015-11-27,6.3915
2015-11-30,6.3962
2015-12-01,6.3973
2015-12-02,6.3958
2015-12-03,6.3982
2015-12-04,6.3851
2015-12-07,6.3985
2015-12-08,6.4078
2015-12-09,6.414
2015-12-10,6.4236
2015-12-11,6.4358
2015-12-14,6.4495
2015-12-15,6.4559
2015-12-16,6.4626
2015-12-17,6.4757
2015-12-18,6.4814
2015-12-21,6.4753
2015-12-22,6.4746
2015-12-23,6.4731
2015-12-24,6.4755
2015-12-25,6.4713
2015-12-28,6.475
2015-12-29,6.4864
2015-12-30,6.4895
2015-12-31,6.4936
2016-01-04,6.5032
2016-01-05,6.5169
2016-01-06,6.5314
2016-01-07,6.5646
2016-01-08,6.5636
2016-01-11,6.5626
2016-01-12,6.5628
2016-01-13,6.563
2016-01-14,6.5616
2016-01-15,6.5637
2016-01-18,6.559
2016-01-19,6.5596
2016-01-20,6.5578
2016-01-21,6.5585
2016-01-22,6.5572
2016-01-25,6.5557
2016-01-26,6.5548
2016-01-27,6.5533
2016-01-28,6.5528
2016-01-29,6.5516
2016-02-01,6.5539
2016-02-02,6.551
2016-02-03,6.5521
2016-02-04,6.5419
2016-02-05,6.5314
2016-02-15,6.5118
2016-02-16,6.513
2016-02-17,6.5237
2016-02-18,6.5152
2016-02-19,6.5186
2016-02-22,6.5165
2016-02-23,6.5273
2016-02-24,6.5302
2016-02-25,6.5318
2016-02-26,6.5338
2016-02-29,6.5452
2016-03-01,6.5385
2016-03-02,6.549
2016-03-03,6.5412
2016-03-04,6.5284
2016-03-07,6.5113
2016-03-08,6.5041
2016-03-09,6.5106
2016-03-10,6.5127
2016-03-11,6.4905
2016-03-14,6.4913
2016-03-15,6.5079
2016-03-16,6.5172
2016-03-17,6.4961
2016-03-18,6.4628
2016-03-21,6.4824
2016-03-22,6.4971
2016-03-23,6.4936
2016-03-24,6.515
2016-03-25,6.5223
2016-03-28,6.5232
2016-03-29,6.506
2016-03-30,6.4841
2016-03-31,6.4612
2016-04-01,6.4585
2016-04-05,6.4663
2016-04-06,6.4754
2016-04-07,6.4707
2016-04-08,6.4733
2016-04-11,6.4649
2016-04-12,6.4616
2016-04-13,6.4591
2016-04-14,6.4891
2016-04-15,6.4908
2016-04-18,6.4787
2016-04-19,6.47
2016-04-20,6.4579
2016-04-21,6.4803
2016-04-22,6.4898
2016-04-25,6.512
2016-04-26,6.4882
2016-04-27,6.4837
2016-04-28,6.4954
2016-04-29,6.4589
2016-05-03,6.4565
2016-05-04,6.4943
2016-05-05,6.5128
2016-05-06,6.5202
2016-05-09,6.5105
2016-05-10,6.5233
2016-05-11,6.5209
2016-05-12,6.4959
2016-05-13,6.5246
2016-05-16,6.5343
2016-05-17,6.52
2016-05-18,6.5216
2016-05-19,6.5531
2016-05-20,6.551
2016-05-23,6.5455
2016-05-24,6.5468
2016-05-25,6.5693
2016-05-26,6.5552
2016-05-27,6.549
2016-05-30,6.5784
2016-05-31,6.579
2016-06-01,6.5889
2016-06-02,6.5688
2016-06-03,6.5793
2016-06-06,6.5497
2016-06-07,6.5618
2016-06-08,6.5593
2016-06-13,6.5805
2016-06-14,6.5791
2016-06-15,6.6001
2016-06-16,6.5739
2016-06-17,6.5795
2016-06-20,6.5708
2016-06-21,6.5656
2016-06-22,6.5935
2016-06-23,6.5658
2016-06-24,6.5776
2016-06-27,6.6375
2016-06-28,6.6528
2016-06-29,6.6324
2016-06-30,6.6312
2016-07-01,6.6496
2016-07-04,6.6472
2016-07-05,6.6594
2016-07-06,6.6857
2016-07-07,6.682
2016-07-08,6.6853
2016-07-11,6.6843
2016-07-12,6.695
2016-07-13,6.6891
2016-07-14,6.6846
2016-07-15,6.6805
2016-07-18,6.6961
2016-07-19,6.6971
2016-07-20,6.6946
2016-07-21,6.6872
2016-07-22,6.6669
2016-07-25,6.686
2016-07-26,6.6778
2016-07-27,6.6671
2016-07-28,6.6597
2016-07-29,6.6511
2016-08-01,6.6277
2016-08-02,6.6451
2016-08-03,6.6195
2016-08-04,6.6444
2016-08-05,6.6406
2016-08-08,6.6615
2016-08-09,6.6594
2016-08-10,6.653
2016-08-11,6.6255
2016-08-12,6.6543
2016-08-15,6.643
2016-08-16,6.6305
2016-08-17,6.6056
2016-08-18,6.6273
2016-08-19,6.6211
2016-08-22,6.6652
2016-08-23,6.6586
2016-08-24,6.642
2016-08-25,6.6602
2016-08-26,6.6488
2016-08-29,6.6856
2016-08-30,6.6812
2016-08-31,6.6908
2016-09-01,6.6784
2016-09-02,6.6727
2016-09-05,6.6873
2016-09-06,6.6676
2016-09-07,6.6555
2016-09-08,6.662
2016-09-09,6.6684
2016-09-12,6.6908
2016-09-13,6.6726
2016-09-14,6.6895
2016-09-19,6.6786
2016-09-20,6.6595
2016-09-21,6.6738
2016-09-22,6.6513
2016-09-23,6.667
2016-09-26,6.6744
2016-09-27,6.6646
2016-09-28,6.6681
2016-09-29,6.67
2016-09-30,6.6778
2016-10-10,6.7008
2016-10-11,6.7098
2016-10-12,6.7258
2016-10-13,6.7296
2016-10-14,6.7157
2016-10-17,6.7379
2016-10-18,6.7303
2016-10-19,6.7326
2016-10-20,6.7311
2016-10-21,6.7558
2016-10-24,6.769
2016-10-25,6.7744
2016-10-26,6.7705
2016-10-27,6.7736
2016-10-28,6.7858
2016-10-31,6.7641
2016-11-01,6.7734
2016-11-02,6.7562
2016-11-03,6.7491
2016-11-04,6.7514
2016-11-07,6.7725
2016-11-08,6.7817
2016-11-09,6.7832
2016-11-10,6.7885
2016-11-11,6.8115
2016-11-14,6.8291
2016-11-15,6.8495
2016-11-16,6.8592
2016-11-17,6.8692
2016-11-18,6.8796
2016-11-21,6.8985
2016-11-22,6.8779
2016-11-23,6.8904
2016-11-24,6.9085
2016-11-25,6.9168
2016-11-28,6.9042
2016-11-29,6.8889
2016-11-30,6.8865
2016-12-01,6.8958
2016-12-02,6.8794
2016-12-05,6.887
2016-12-06,6.8575
2016-12-07,6.8808
2016-12-08,6.8731
2016-12-09,6.8972
2016-12-12,6.9086
2016-12-13,6.8934
2016-12-14,6.9028
2016-12-15,6.9289
2016-12-16,6.9508
2016-12-19,6.9312
2016-12-20,6.9468
2016-12-21,6.9489
2016-12-22,6.9435
2016-12-23,6.9463
2016-12-26,6.9459
2016-12-27,6.9462
2016-12-28,6.9495
2016-12-29,6.9497
2016-12-30,6.937
2017-01-03,6.9498
2017-01-04,6.9526
2017-01-05,6.9307
2017-01-06,6.8668
2017-01-09,6.9262
2017-01-10,6.9234
2017-01-11,6.9235
2017-01-12,6.9141
2017-01-13,6.8909
2017-01-16,6.8874
2017-01-17,6.8992
2017-01-18,6.8525
2017-01-19,6.8568
2017-01-20,6.8693
2017-01-23,6.8572
2017-01-24,6.8331
2017-01-25,6.8596
2017-01-26,6.8588
2017-02-03,6.8556
2017-02-06,6.8606
2017-02-07,6.8604
2017-02-08,6.8849
2017-02-09,6.871
2017-02-10,6.8819
2017-02-13,6.8898
2017-02-14,6.8806
2017-02-15,6.8632
2017-02-16,6.8629
2017-02-17,6.8456
2017-02-20,6.8743
2017-02-21,6.879
2017-02-22,6.883
2017-02-23,6.8695
2017-02-24,6.8655
2017-02-27,6.8814
2017-02-28,6.875
2017-03-01,6.8798
2017-03-02,6.8809
2017-03-03,6.8896
2017-03-06,6.879
2017-03-07,6.8957
2017-03-08,6.9032
2017-03-09,6.9125
2017-03-10,6.9123
2017-03-13,6.8988
2017-03-14,6.9118
2017-03-15,6.9115
2017-03-16,6.8862
2017-03-17,6.8873
2017-03-20,6.8998
2017-03-21,6.9071
2017-03-22,6.8889
2017-03-23,6.8856
2017-03-24,6.8845
2017-03-27,6.8701
2017-03-28,6.8782
2017-03-29,6.8915
2017-03-30,6.8889
2017-03-31,6.8993
2017-04-05,6.8906
2017-04-06,6.893
2017-04-07,6.8949
2017-04-10,6.9042
2017-04-11,6.8957
2017-04-12,6.894
2017-04-13,6.8651
2017-04-14,6.874
2017-04-17,6.8785
2017-04-18,6.8849
2017-04-19,6.8664
2017-04-20,6.8792
2017-04-21,6.8823
2017-04-24,6.8673
2017-04-25,6.8833
2017-04-26,6.8845
2017-04-27,6.8896
2017-04-28,6.8931
2017-05-02,6.8956
2017-05-03,6.8892
2017-05-04,6.8957
2017-05-05,6.8884
2017-05-08,6.8947
2017-05-09,6.9037
2017-05-10,6.9066
2017-05-11,6.9051
2017-05-12,6.8948
2017-05-15,6.8852
2017-05-16,6.879
2017-05-17,6.8635
2017-05-18,6.8612
2017-05-19,6.8786
2017-05-22,6.8673
2017-05-23,6.8661
2017-05-24,6.8758
2017-05-25,6.8695
2017-05-26,6.8698
2017-05-31,6.8633
2017-06-01,6.809
2017-06-02,6.807
2017-06-05,6.7935
2017-06-06,6.7934
2017-06-07,6.7858
2017-06-08,6.793
2017-06-09,6.7971
2017-06-12,6.7948
2017-06-13,6.7954
2017-06-14,6.7939
2017-06-15,6.7852
2017-06-16,6.7995
2017-06-19,6.7972
2017-06-20,6.8096
2017-06-21,6.8193
2017-06-22,6.8197
2017-06-23,6.8238
2017-06-26,6.822
2017-06-27,6.8292
2017-06-28,6.8053
2017-06-29,6.794
2017-06-30,6.7744
2017-07-03,6.7772
2017-07-04,6.7889
2017-07-05,6.7922
2017-07-06,6.7953
2017-07-07,6.7914
2017-07-10,6.7964
2017-07-11,6.7983
2017-07-12,6.7868
2017-07-13,6.7802
2017-07-14,6.7774
2017-07-17,6.7562
2017-07-18,6.7611
2017-07-19,6.7451
2017-07-20,6.7464
2017-07-21,6.7415
2017-07-24,6.741
2017-07-25,6.7485
2017-07-26,6.7529
2017-07-27,6.7307
2017-07-28,6.7373
2017-07-31,6.7283
2017-08-01,6.7148
2017-08-02,6.7205
2017-08-03,6.7211
2017-08-04,6.7132
2017-08-07,6.7228
2017-08-08,6.7184
2017-08-09,6.7075
2017-08-10,6.677
2017-08-11,6.6642
2017-08-14,6.6601
2017-08-15,6.6689
2017-08-16,6.6779
2017-08-17,6.6709
2017-08-18,6.6744
2017-08-21,6.6709
2017-08-22,6.6597
2017-08-23,6.6633
2017-08-24,6.6525
2017-08-25,6.6579
2017-08-28,6.6353
2017-08-29,6.6293
2017-08-30,6.6102
2017-08-31,6.601
2017-09-01,6.5909
2017-09-04,6.5668
2017-09-05,6.537
2017-09-06,6.5311
2017-09-07,6.5269
2017-09-08,6.5032
2017-09-11,6.4997
2017-09-12,6.5277
2017-09-13,6.5382
2017-09-14,6.5465
2017-09-15,6.5423
2017-09-18,6.5419
2017-09-19,6.553
2017-09-20,6.567
2017-09-21,6.5867
2017-09-22,6.5861
2017-09-25,6.5945
2017-09-26,6.6076
2017-09-27,6.6192
2017-09-28,6.6285
2017-09-29,6.6369
2017-10-09,6.6493
2017-10-10,6.6273
2017-10-11,6.5841
2017-10-12,6.5808
2017-10-13,6.5866
2017-10-16,6.5839
2017-10-17,6.5883
2017-10-18,6.5991
2017-10-19,6.6093
2017-10-20,6.6092
2017-10-23,6.6205
2017-10-24,6.6268
2017-10-25,6.6322
2017-10-26,6.6288
2017-10-27,6.6473
2017-10-30,6.6487
2017-10-31,6.6397
2017-11-01,6.63
2017-11-02,6.6196
2017-11-03,6.6072
2017-11-06,6.6247
2017-11-07,6.6216
2017-11-08,6.6277
2017-11-09,6.6325
2017-11-10,6.6282
2017-11-13,6.6347
2017-11-14,6.6399
2017-11-15,6.6263
2017-11-16,6.6286
2017-11-17,6.6277
2017-11-20,6.6271
2017-11-21,6.6356
2017-11-22,6.629
2017-11-23,6.6021
2017-11-24,6.581
2017-11-27,6.5874
2017-11-28,6.5944
2017-11-29,6.6011
2017-11-30,6.6034
2017-12-01,6.6067
2017-12-04,6.6105
2017-12-05,6.6113
2017-12-06,6.6163
2017-12-07,6.6195
2017-12-08,6.6218
2017-12-11,6.6152
2017-12-12,6.6162
2017-12-13,6.6251
2017-12-14,6.6033
2017-12-15,6.6113
2017-12-18,6.6162
2017-12-19,6.6098
2017-12-20,6.6066
2017-12-21,6.5795
2017-12-22,6.5821
2017-12-25,6.5683
2017-12-26,6.5416
2017-12-27,6.5421
2017-12-28,6.5412
2017-12-29,6.5342
2018-01-02,6.5079
2018-01-03,6.492
2018-01-04,6.5043
2018-01-05,6.4915
2018-01-08,6.4832
2018-01-09,6.4968
2018-01-10,6.5207
2018-01-11,6.5147
2018-01-12,6.4932
2018-01-15,6.4574
2018-01-16,6.4372
2018-01-17,6.4335
2018-01-18,6.4401
2018-01-19,6.4169
2018-01-22,6.4112
2018-01-23,6.4009
2018-01-24,6.3916
2018-01-25,6.3724
2018-01-26,6.3436
2018-01-29,6.3267
2018-01-30,6.3312
2018-01-31,6.3339
2018-02-01,6.3045
2018-02-02,6.2885
2018-02-05,6.3019
2018-02-06,6.3072
2018-02-07,6.2882
2018-02-08,6.2822
2018-02-09,6.3194
2018-02-12,6.3001
2018-02-13,6.3247
2018-02-14,6.3428
2018-02-22,6.353
2018-02-23,6.3482
2018-02-26,6.3378
2018-02-27,6.3146
2018-02-28,6.3294
2018-03-01,6.3352
2018-03-02,6.3334
2018-03-05,6.3431
2018-03-06,6.3386
2018-03-07,6.3294
2018-03-08,6.3239
2018-03-09,6.3451
2018-03-12,6.3333
2018-03-13,6.3218
2018-03-14,6.3205
2018-03-15,6.3141
2018-03-16,6.334
2018-03-19,6.332
2018-03-20,6.3246
2018-03-21,6.3396
2018-03-22,6.3167
2018-03-23,6.3272
2018-03-26,6.3193
2018-03-27,6.2816
2018-03-28,6.2785
2018-03-29,6.3046
2018-03-30,6.2881
2018-04-02,6.2764
2018-04-03,6.2833
2018-04-04,6.2926
2018-04-09,6.3114
2018-04-10,6.3071
2018-04-11,6.2911
2018-04-12,6.2834
2018-04-13,6.2898
2018-04-16,6.2884
2018-04-17,6.2771
2018-04-18,6.2817
2018-04-19,6.2832
2018-04-20,6.2897
2018-04-23,6.3034
2018-04-24,6.3229
2018-04-25,6.3066
2018-04-26,6.3283
2018-04-27,6.3393
2018-05-02,6.367
2018-05-03,6.3732
2018-05-04,6.3521
2018-05-07,6.3584
2018-05-08,6.3674
2018-05-09,6.3733
2018-05-10,6.3768
2018-05-11,6.3524
2018-05-14,6.3345
2018-05-15,6.3486
2018-05-16,6.3745
2018-05-17,6.3679
2018-05-18,6.3763
2018-05-21,6.3852
2018-05-22,6.3799
2018-05-23,6.3773
2018-05-24,6.3816
2018-05-25,6.3867
2018-05-28,6.3962
2018-05-29,6.4021
2018-05-30,6.4207
2018-05-31,6.4144
2018-06-01,6.4078
2018-06-04,6.4208
2018-06-05,6.4157
2018-06-06,6.404
2018-06-07,6.3919
2018-06-08,6.4003
2018-06-11,6.4064
2018-06-12,6.4121
2018-06-13,6.4156
2018-06-14,6.3962
2018-06-15,6.4306
2018-06-19,6.4235
2018-06-20,6.4586
2018-06-21,6.4706
2018-06-22,6.4804
2018-06-25,6.4893
2018-06-26,6.518
2018-06-27,6.5569
2018-06-28,6.596
2018-06-29,6.6166
2018-07-02,6.6157
2018-07-03,6.6497
2018-07-04,6.6595
2018-07-05,6.618
2018-07-06,6.6336
2018-07-09,6.6393
2018-07-10,6.6259
2018-07-11,6.6234
2018-07-12,6.6726
2018-07-13,6.6727
2018-07-16,6.6758
2018-07-17,6.6821
2018-07-18,6.6914
2018-07-19,6.7066
2018-07-20,6.7671
2018-07-23,6.7593
2018-07-24,6.7891
2018-07-25,6.804
2018-07-26,6.7662
2018-07-27,6.7942
2018-07-30,6.8131
2018-07-31,6.8165
2018-08-01,6.8293
2018-08-02,6.7942
2018-08-03,6.8322
2018-08-06,6.8513
2018-08-07,6.8431
2018-08-08,6.8313
2018-08-09,6.8317
2018-08-10,6.8395
2018-08-13,6.8629
2018-08-14,6.8695
2018-08-15,6.8856
2018-08-16,6.8946
2018-08-17,6.8894
2018-08-20,6.8718
2018-08-21,6.836
2018-08-22,6.8271
2018-08-23,6.8367
2018-08-24,6.871
2018-08-27,6.8508
2018-08-28,6.8052
2018-08-29,6.8072
2018-08-30,6.8113
2018-08-31,6.8246
2018-09-03,6.8347
2018-09-04,6.8183
2018-09-05,6.8266
2018-09-06,6.8217
2018-09-07,6.8212
2018-09-10,6.8389
2018-09-11,6.8488
2018-09-12,6.8546
2018-09-13,6.8488
2018-09-14,6.8362
2018-09-17,6.8509
2018-09-18,6.8554
2018-09-19,6.8569
2018-09-20,6.853
2018-09-21,6.8357
2018-09-25,6.844
2018-09-26,6.8571
2018-09-27,6.8642
2018-09-28,6.8792
2018-10-08,6.8957
2018-10-09,6.9019
2018-10-10,6.9072
2018-10-11,6.9098
2018-10-12,6.912
2018-10-15,6.9154
2018-10-16,6.9119
2018-10-17,6.9103
2018-10-18,6.9275
2018-10-19,6.9387
2018-10-22,6.9236
2018-10-23,6.9338
2018-10-24,6.9357
2018-10-25,6.9409
2018-10-26,6.951
2018-10-29,6.9377
2018-10-30,6.9574
2018-10-31,6.9646
2018-11-01,6.967
2018-11-02,6.9371
2018-11-05,6.8976
2018-11-06,6.9075
2018-11-07,6.9065
2018-11-08,6.9163
2018-11-09,6.9329
2018-11-12,6.9476
2018-11-13,6.9629
2018-11-14,6.9402
2018-11-15,6.9392
2018-11-16,6.9377
2018-11-19,6.9245
2018-11-20,6.928
2018-11-21,6.9449
2018-11-22,6.9391
2018-11-23,6.9306
2018-11-26,6.9453
2018-11-27,6.9463
2018-11-28,6.95
2018-11-29,6.9353
2018-11-30,6.9357
2018-12-03,6.9431
2018-12-04,6.8939
2018-12-05,6.8476
2018-12-06,6.8599
2018-12-07,6.8664
2018-12-10,6.8693
2018-12-11,6.8996
2018-12-12,6.9064
2018-12-13,6.8769
2018-12-14,6.875
2018-12-17,6.8908
2018-12-18,6.8854
2018-12-19,6.8869
2018-12-20,6.8936
2018-12-21,6.8825
2018-12-24,6.9006
2018-12-25,6.8919
2018-12-26,6.8845
2018-12-27,6.8894
2018-12-28,6.8632
2019-01-02,6.8482
2019-01-03,6.8631
2019-01-04,6.8586
2019-01-07,6.8517
2019-01-08,6.8402
2019-01-09,6.8526
2019-01-10,6.816
2019-01-11,6.7909
2019-01-14,6.756
2019-01-15,6.7542
2019-01-16,6.7615
2019-01-17,6.7592
2019-01-18,6.7665
2019-01-21,6.7774
2019-01-22,6.7854
2019-01-23,6.7969
2019-01-24,6.7802
2019-01-25,6.7941
2019-01-28,6.7472
2019-01-29,6.7356
2019-01-30,6.7343
2019-01-31,6.7025
2019-02-01,6.7081
2019-02-11,6.7495
2019-02-12,6.7765
2019-02-13,6.7675
2019-02-14,6.7744
2019-02-15,6.7623
2019-02-18,6.7659
2019-02-19,6.7642
2019-02-20,6.7558
2019-02-21,6.722
2019-02-22,6.7151
2019-02-25,6.7131
2019-02-26,6.6952
2019-02-27,6.6857
2019-02-28,6.6901
2019-03-01,6.6957
2019-03-04,6.7049
2019-03-05,6.6998
2019-03-06,6.7053
2019-03-07,6.711
2019-03-08,6.7235
2019-03-11,6.7202
2019-03-12,6.7128
2019-03-13,6.7114
2019-03-14,6.7009
2019-03-15,6.7167
2019-03-18,6.7088
2019-03-19,6.7062
2019-03-20,6.7101
2019-03-21,6.685
2019-03-22,6.6944
2019-03-25,6.7098
2019-03-26,6.7042
2019-03-27,6.7141
2019-03-28,6.7263
2019-03-29,6.7335
2019-04-01,6.7193
2019-04-02,6.7161
2019-04-03,6.7194
2019-04-04,6.7055
2019-04-08,6.7201
2019-04-09,6.7142
2019-04-10,6.711
2019-04-11,6.7088
2019-04-12,6.722
2019-04-15,6.7112
2019-04-16,6.7097
2019-04-17,6.711
2019-04-18,6.6911
2019-04-19,6.7043
2019-04-22,6.7035
2019-04-23,6.7082
2019-04-24,6.7205
2019-04-25,6.7307
2019-04-26,6.7307
2019-04-29,6.731
2019-04-30,6.7286
2019-05-06,6.7344
2019-05-07,6.7614
2019-05-08,6.7596
2019-05-09,6.7665
2019-05-10,6.7912
2019-05-13,6.7954
2019-05-14,6.8365
2019-05-15,6.8649
2019-05-16,6.8688
2019-05-17,6.8859
2019-05-20,6.8988
2019-05-21,6.899
2019-05-22,6.8992
2019-05-23,6.8994
2019-05-24,6.8993
2019-05-27,6.8924
2019-05-28,6.8973
2019-05-29,6.8988
2019-05-30,6.899
2019-05-31,6.8992
2019-06-03,6.8896
2019-06-04,6.8822
2019-06-05,6.8903
2019-06-06,6.8945
2019-06-10,6.8925
2019-06-11,6.893
2019-06-12,6.8932
2019-06-13,6.8934
2019-06-14,6.8937
2019-06-17,6.894
2019-06-18,6.8942
2019-06-19,6.8893
2019-06-20,6.8805
2019-06-21,6.8472
2019-06-24,6.8503
2019-06-25,6.858
2019-06-26,6.8701
2019-06-27,6.8778
2019-06-28,6.8747
2019-07-01,6.8716
2019-07-02,6.8513
2019-07-03,6.864
2019-07-04,6.8705
2019-07-05,6.8697
2019-07-08,6.8881
2019-07-09,6.8853
2019-07-10,6.8856
2019-07-11,6.8677
2019-07-12,6.8662
2019-07-15,6.8677
2019-07-16,6.871
2019-07-17,6.8827
2019-07-18,6.8761
2019-07-19,6.8635
2019-07-22,6.8759
2019-07-23,6.8818
2019-07-24,6.886
2019-07-25,6.8737
2019-07-26,6.8796
2019-07-29,6.8821
2019-07-30,6.8862
2019-07-31,6.8841
2019-08-01,6.8938
2019-08-02,6.8996
2019-08-05,6.9225
2019-08-06,6.9683
2019-08-07,6.9996
2019-08-08,7.0039
2019-08-09,7.0136
2019-08-12,7.0211
2019-08-13,7.0326
2019-08-14,7.0312
2019-08-15,7.0268
2019-08-16,7.0312
2019-08-19,7.0365
2019-08-20,7.0454
2019-08-21,7.0433
2019-08-22,7.049
2019-08-23,7.0572
2019-08-26,7.057
2019-08-27,7.081
2019-08-28,7.0835
2019-08-29,7.0858
2019-08-30,7.0879
2019-09-02,7.0883
2019-09-03,7.0884
2019-09-04,7.0878
2019-09-05,7.0852
2019-09-06,7.0855
2019-09-09,7.0851
2019-09-10,7.0846
2019-09-11,7.0843
2019-09-12,7.0846
2019-09-16,7.0657
2019-09-17,7.073
2019-09-18,7.0728
2019-09-19,7.0732
2019-09-20,7.073
2019-09-23,7.0734
2019-09-24,7.0729
2019-09-25,7.0724
2019-09-26,7.0729
2019-09-27,7.0731
2019-09-30,7.0729
2019-10-08,7.0726
2019-10-09,7.0728
2019-10-10,7.073
2019-10-11,7.0727
2019-10-14,7.0725
2019-10-15,7.0708
2019-10-16,7.0746
2019-10-17,7.0789
2019-10-18,7.069
2019-10-21,7.068
2019-10-22,7.0668
2019-10-23,7.0752
2019-10-24,7.0727
2019-10-25,7.0749
2019-10-28,7.0762
2019-10-29,7.0617
2019-10-30,7.0582
2019-10-31,7.0533
2019-11-01,7.0437
2019-11-04,7.0382
2019-11-05,7.0385
2019-11-06,7.008
2019-11-07,7.0008
2019-11-08,6.9945
2019-11-11,6.9933
2019-11-12,6.9988
2019-11-13,7.0026
2019-11-14,7.0083
2019-11-15,7.0091
2019-11-18,7.0037
2019-11-19,7.003
2019-11-20,7.0118
2019-11-21,7.0217
2019-11-22,7.0306
2019-11-25,7.0397
2019-11-26,7.0344
2019-11-27,7.0349
2019-11-28,7.0271
2019-11-29,7.0298
2019-12-02,7.0262
2019-12-03,7.0223
2019-12-04,7.0382
2019-12-05,7.0521
2019-12-06,7.0383
2019-12-09,7.0405
2019-12-10,7.04
2019-12-11,7.0385
2019-12-12,7.0253
2019-12-13,7.0156
2019-12-16,6.9915
2019-12-17,6.9971
2019-12-18,6.9969
2019-12-19,7.0025
2019-12-20,7.002
2019-12-23,7.0117
2019-12-24,7.0119
2019-12-25,7.0067
2019-12-26,6.9801
2019-12-27,6.9879
2019-12-30,6.9805
2019-12-31,6.9762
2020-01-02,6.9614
2020-01-03,6.9681
2020-01-06,6.9718
2020-01-07,6.969
2020-01-08,6.945
2020-01-09,6.9497
2020-01-10,6.9351
2020-01-13,6.9263
2020-01-14,6.8954
2020-01-15,6.8845
2020-01-16,6.8807
2020-01-17,6.8878
2020-01-20,6.8664
2020-01-21,6.8606
2020-01-22,6.8853
2020-01-23,6.8876
2020-02-03,6.9249
2020-02-04,6.9779
2020-02-05,6.9823
2020-02-06,6.9985
2020-02-07,6.9768
2020-02-10,6.9863
2020-02-11,6.9897
2020-02-12,6.9718
2020-02-13,6.9785
2020-02-14,6.9843
2020-02-17,6.9795
2020-02-18,6.9826
2020-02-19,7.0012
2020-02-20,7.0026
2020-02-21,7.021
2020-02-24,7.0246
2020-02-25,7.0232
2020-02-26,7.0126
2020-02-27,7.0215
2020-02-28,7.0066
2020-03-02,6.9811
2020-03-03,6.9516
2020-03-04,6.9514
2020-03-05,6.9403
2020-03-06,6.9337
2020-03-09,6.926
2020-03-10,6.9389
2020-03-11,6.9612
2020-03-12,6.9641
2020-03-13,7.0033
2020-03-16,7.0018
2020-03-17,7.0094
2020-03-18,7.0328
2020-03-19,7.0522
2020-03-20,7.1052
2020-03-23,7.094
2020-03-24,7.0999
2020-03-25,7.0742
2020-03-26,7.0692
2020-03-27,7.0427
2020-03-30,7.0447
2020-03-31,7.0851
2020-04-01,7.0771
2020-04-02,7.0995
2020-04-03,7.1104
2020-04-07,7.0939
2020-04-08,7.0483
2020-04-09,7.0536
2020-04-10,7.0354
2020-04-13,7.03
2020-04-14,7.0406
2020-04-15,7.0402
2020-04-16,7.0714
2020-04-17,7.0718
2020-04-20,7.0657
2020-04-21,7.0752
2020-04-22,7.0903
2020-04-23,7.0887
2020-04-24,7.0803
2020-04-27,7.0703
2020-04-28,7.071
2020-04-29,7.0704
2020-04-30,7.0571
2020-05-06,7.069
2020-05-07,7.0931
2020-05-08,7.0788
2020-05-11,7.0769
2020-05-12,7.0919
2020-05-13,7.0875
2020-05-14,7.0948
2020-05-15,7.0936
2020-05-18,7.103
2020-05-19,7.0912
2020-05-20,7.0956
2020-05-21,7.0868
2020-05-22,7.0939
2020-05-25,7.1209
2020-05-26,7.1293
2020-05-27,7.1092
2020-05-28,7.1277
2020-05-29,7.1316
2020-06-01,7.1315
2020-06-02,7.1167
2020-06-03,7.1074
2020-06-04,7.1012
2020-06-05,7.0965
2020-06-08,7.0882
2020-06-09,7.0711
2020-06-10,7.0703
2020-06-11,7.0608
2020-06-12,7.0865
2020-06-15,7.0902
2020-06-16,7.0755
2020-06-17,7.0873
2020-06-18,7.0903
2020-06-19,7.0913
2020-06-22,7.0865
2020-06-23,7.0671
2020-06-24,7.0555
2020-06-29,7.0808
2020-06-30,7.0795
2020-07-01,7.071
2020-07-02,7.0566
2020-07-03,7.0638
2020-07-06,7.0663
2020-07-07,7.031
2020-07-08,7.0207
2020-07-09,7.0085
2020-07-10,6.9943
2020-07-13,6.9965
2020-07-14,6.9996
2020-07-15,6.9982
2020-07-16,6.9913
2020-07-17,7.0043
2020-07-20,6.9928
2020-07-21,6.9862
2020-07-22,6.9718
2020-07-23,6.9921
2020-07-24,6.9938
2020-07-27,7.0029
2020-07-28,6.9895
2020-07-29,6.9969
2020-07-30,6.9902
2020-07-31,6.9848
2020-08-03,6.998
2020-08-04,6.9803
2020-08-05,6.9752
2020-08-06,6.9438
2020-08-07,6.9408
2020-08-10,6.9649
2020-08-11,6.9711
2020-08-12,6.9597
2020-08-13,6.9429
2020-08-14,6.9405
2020-08-17,6.9362
2020-08-18,6.9325
2020-08-19,6.9168
2020-08-20,6.9274
2020-08-21,6.9107
2020-08-24,6.9194
2020-08-25,6.9183
2020-08-26,6.9079
2020-08-27,6.8903
2020-08-28,6.8891
2020-08-31,6.8605
2020-09-01,6.8498
2020-09-02,6.8376
2020-09-03,6.8319
2020-09-04,6.8359
2020-09-07,6.8386
2020-09-08,6.8364
2020-09-09,6.8423
2020-09-10,6.8331
2020-09-11,6.8389
2020-09-14,6.8361
2020-09-15,6.8222
2020-09-16,6.7825
2020-09-17,6.7675
2020-09-18,6.7591
2020-09-21,6.7595
2020-09-22,6.7872
2020-09-23,6.7986
2020-09-24,6.8028
2020-09-25,6.8121
2020-09-28,6.8252
2020-09-29,6.8171
2020-09-30,6.8101
2020-10-09,6.7796
2020-10-12,6.7126
2020-10-13,6.7296
2020-10-14,6.7473
2020-10-15,6.7374
2020-10-16,6.7332
2020-10-19,6.701
2020-10-20,6.693
2020-10-21,6.6781
2020-10-22,6.6556
2020-10-23,6.6703
2020-10-26,6.6725
2020-10-27,6.6989
2020-10-28,6.7195
2020-10-29,6.726
2020-10-30,6.7232
2020-11-02,6.705
2020-11-03,6.6957
2020-11-04,6.6771
2020-11-05,6.6895
2020-11-06,6.629
2020-11-09,6.6123
2020-11-10,6.5897
2020-11-11,6.607
2020-11-12,6.6236
2020-11-13,6.6285
2020-11-16,6.6048
2020-11-17,6.5762
2020-11-18,6.5593
2020-11-19,6.5484
2020-11-20,6.5786
2020-11-23,6.5719
2020-11-24,6.5809
2020-11-25,6.5749
2020-11-26,6.578
2020-11-27,6.5755
2020-11-30,6.5782
2020-12-01,6.5921
2020-12-02,6.5611
2020-12-03,6.5592
2020-12-04,6.5507
2020-12-07,6.5362
2020-12-08,6.532
2020-12-09,6.5311
2020-12-10,6.5476
2020-12-11,6.5405
2020-12-14,6.5361
2020-12-15,6.5434
2020-12-16,6.5355
2020-12-17,6.5362
2020-12-18,6.5315
2020-12-21,6.5507
2020-12-22,6.5387
2020-12-23,6.5558
2020-12-24,6.5361
2020-12-25,6.5333
2020-12-28,6.5236
2020-12-29,6.5451
2020-12-30,6.5325
2020-12-31,6.5249
2021-01-04,6.5408
2021-01-05,6.476
2021-01-06,6.4604
2021-01-07,6.4608
2021-01-08,6.4708
2021-01-11,6.4764
2021-01-12,6.4823
2021-01-13,6.4605
2021-01-14,6.4746
2021-01-15,6.4633
2021-01-18,6.4845
2021-01-19,6.4883
2021-01-20,6.4836
2021-01-21,6.4696
2021-01-22,6.4617
2021-01-25,6.4819
2021-01-26,6.4847
2021-01-27,6.4665
2021-01-28,6.4845
2021-01-29,6.4709
2021-02-01,6.4623
2021-02-02,6.4736
2021-02-03,6.4669
2021-02-04,6.4605
2021-02-05,6.471
2021-02-08,6.4678
2021-02-09,6.4533
2021-02-10,6.4391
2021-02-18,6.4536
2021-02-19,6.4624
2021-02-22,6.4563
2021-02-23,6.4516
2021-02-24,6.4615
2021-02-25,6.4522
2021-02-26,6.4713
2021-03-01,6.4754
2021-03-02,6.4625
2021-03-03,6.4565
2021-03-04,6.4758
2021-03-05,6.4904
2021-03-08,6.4795
2021-03-09,6.5338
2021-03-10,6.5106
2021-03-11,6.497
2021-03-12,6.4845
2021-03-15,6.501
2021-03-16,6.5029
2021-03-17,6.4978
2021-03-18,6.4859
2021-03-19,6.5098
2021-03-22,6.5191
2021-03-23,6.5036
2021-03-24,6.5228
2021-03-25,6.5282
2021-03-26,6.5376
2021-03-29,6.5416
2021-03-30,6.5641
2021-03-31,6.5713
2021-04-01,6.5584
2021-04-02,6.5649
2021-04-06,6.5527
2021-04-07,6.5384
2021-04-08,6.5463
2021-04-09,6.5409
2021-04-12,6.5578
2021-04-13,6.5454
2021-04-14,6.5362
2021-04-15,6.5297
2021-04-16,6.5288
2021-04-19,6.5233
2021-04-20,6.5103
2021-04-21,6.5046
2021-04-22,6.4902
2021-04-23,6.4934
2021-04-26,6.4913
2021-04-27,6.4924
2021-04-28,6.4853
2021-04-29,6.4715
2021-04-30,6.4672
2021-05-06,6.4895
2021-05-07,6.4678
2021-05-10,6.4425
2021-05-11,6.4254
2021-05-12,6.4258
2021-05-13,6.4612
2021-05-14,6.4525
2021-05-17,6.4307
2021-05-18,6.4357
2021-05-19,6.4255
2021-05-20,6.4464
2021-05-21,6.43
2021-05-24,6.4408
2021-05-25,6.4283
2021-05-26,6.4099
2021-05-27,6.403
2021-05-28,6.3858
2021-05-31,6.3682
2021-06-01,6.3572
2021-06-02,6.3773
2021-06-03,6.3811
2021-06-04,6.4072
2021-06-07,6.3963
2021-06-08,6.3909
2021-06-09,6.3956
2021-06-10,6.3972
2021-06-11,6.3856
2021-06-15,6.407
2021-06-16,6.4078
2021-06-17,6.4298
2021-06-18,6.4361
2021-06-21,6.4546
2021-06-22,6.4613
2021-06-23,6.4621
2021-06-24,6.4824
2021-06-25,6.4744
2021-06-28,6.4578
2021-06-29,6.4567
2021-06-30,6.4601
2021-07-01,6.4709
2021-07-02,6.4712
2021-07-05,6.4695
2021-07-06,6.4613
2021-07-07,6.4762
2021-07-08,6.4705
2021-07-09,6.4755
2021-07-12,6.4785
2021-07-13,6.4757
2021-07-14,6.4806
2021-07-15,6.464
2021-07-16,6.4705
2021-07-19,6.47
2021-07-20,6.4855
2021-07-21,6.4835
2021-07-22,6.4651
2021-07-23,6.465
2021-07-26,6.4763
2021-07-27,6.4734
2021-07-28,6.4929
2021-07-29,6.4942
2021-07-30,6.4602
2021-08-02,6.466
2021-08-03,6.461
2021-08-04,6.4655
2021-08-05,6.4691
2021-08-06,6.4625
2021-08-09,6.484
2021-08-10,6.4842
2021-08-11,6.4831
2021-08-12,6.4754
2021-08-13,6.4799
2021-08-16,6.4717
2021-08-17,6.4765
2021-08-18,6.4915
2021-08-19,6.4853
2021-08-20,6.4984
2021-08-23,6.4969
2021-08-24,6.4805
2021-08-25,6.4728
2021-08-26,6.473
2021-08-27,6.4863
2021-08-30,6.4677
2021-08-31,6.4679
2021-09-01,6.468
2021-09-02,6.4594
2021-09-03,6.4577
2021-09-06,6.4529
2021-09-07,6.4533
2021-09-08,6.4674
2021-09-09,6.4615
2021-09-10,6.4566
2021-09-13,6.4497
2021-09-14,6.45
2021-09-15,6.4492
2021-09-16,6.433
2021-09-17,6.4527
2021-09-22,6.4693
2021-09-23,6.4749
2021-09-24,6.4599
2021-09-27,6.4695
2021-09-28,6.4608
2021-09-29,6.4662
2021-09-30,6.4854
2021-10-08,6.4604
2021-10-11,6.4479
2021-10-12,6.4447
2021-10-13,6.4612
2021-10-14,6.4414
2021-10-15,6.4386
2021-10-18,6.43
2021-10-19,6.4307
2021-10-20,6.4069
2021-10-21,6.389
2021-10-22,6.4032
2021-10-25,6.3924
2021-10-26,6.389
2021-10-27,6.3856
2021-10-28,6.3957
2021-10-29,6.3907
2021-11-01,6.4192
2021-11-02,6.4009
2021-11-03,6.4079
2021-11-04,6.3943
2021-11-05,6.398
2021-11-08,6.3959
2021-11-09,6.3903
2021-11-10,6.3948
2021-11-11,6.4145
2021-11-12,6.4065
2021-11-15,6.3896
2021-11-16,6.3924
2021-11-17,6.3935
2021-11-18,6.3803
2021-11-19,6.3825
2021-11-22,6.3952
2021-11-23,6.3929
2021-11-24,6.3903
2021-11-25,6.398
2021-11-26,6.3936
2021-11-29,6.3872
2021-11-30,6.3794
2021-12-01,6.3693
2021-12-02,6.3719
2021-12-03,6.3738
2021-12-06,6.3702
2021-12-07,6.3738
2021-12-08,6.3677
2021-12-09,6.3498
2021-12-10,6.3702
2021-12-13,6.3669
2021-12-14,6.3675
2021-12-15,6.3716
2021-12-16,6.3637
2021-12-17,6.3651
2021-12-20,6.3933
2021-12-21,6.3729
2021-12-22,6.3703
2021-12-23,6.3651
2021-12-24,6.3692
2021-12-27,6.3686
2021-12-28,6.3728
2021-12-29,6.3735
2021-12-30,6.3674
2021-12-31,6.3757
2022-01-04,6.3794
2022-01-05,6.3779
2022-01-06,6.3728
2022-01-07,6.3742
2022-01-10,6.3653
2022-01-11,6.3684
2022-01-12,6.3658
2022-01-13,6.3542
2022-01-14,6.3677
2022-01-17,6.3599
2022-01-18,6.3521
2022-01-19,6.3624
2022-01-20,6.3485
2022-01-21,6.3492
2022-01-24,6.3411
2022-01-25,6.3418
2022-01-26,6.3246
2022-01-27,6.3382
2022-01-28,6.3746
2022-02-07,6.358
2022-02-08,6.3569
2022-02-09,6.3653
2022-02-10,6.3599
2022-02-11,6.3681
2022-02-14,6.3664
2022-02-15,6.3605
2022-02-16,6.3463
2022-02-17,6.3321
2022-02-18,6.3343
2022-02-21,6.3401
2022-02-22,6.3487
2022-02-23,6.3313
2022-02-24,6.328
2022-02-25,6.3346
2022-02-28,6.3222
2022-03-01,6.3014
2022-03-02,6.3351
2022-03-03,6.3016
2022-03-04,6.3288
2022-03-07,6.3478
2022-03-08,6.3185
2022-03-09,6.3178
2022-03-10,6.3105
2022-03-11,6.3306
2022-03-14,6.3506
2022-03-15,6.376
2022-03-16,6.38
2022-03-17,6.3406
2022-03-18,6.3425
2022-03-21,6.3677
2022-03-22,6.3664
2022-03-23,6.3558
2022-03-24,6.364
2022-03-25,6.3739
2022-03-28,6.3732
2022-03-29,6.364
2022-03-30,6.3566
2022-03-31,6.3482
2022-04-01,6.3509
2022-04-06,6.3799
2022-04-07,6.3659
2022-04-08,6.3653
2022-04-11,6.3645
2022-04-12,6.3795
2022-04-13,6.3752
2022-04-14,6.354
2022-04-15,6.3896
2022-04-18,6.3763
2022-04-19,6.372
2022-04-20,6.3996
2022-04-21,6.4098
2022-04-22,6.4596
2022-04-25,6.4909
2022-04-26,6.559
2022-04-27,6.5598
2022-04-28,6.5628
2022-04-29,6.6177
2022-05-05,6.5672
2022-05-06,6.6332
2022-05-09,6.6899
2022-05-10,6.7134
2022-05-11,6.729
2022-05-12,6.7292
2022-05-13,6.7898
2022-05-16,6.7871
2022-05-17,6.7854
2022-05-18,6.7421
2022-05-19,6.7524
2022-05-20,6.7487
2022-05-23,6.6756
2022-05-24,6.6566
2022-05-25,6.655
2022-05-26,6.6766
2022-05-27,6.7387
2022-05-30,6.7048
2022-05-31,6.6607
2022-06-01,6.6651
2022-06-02,6.7095
2022-06-06,6.6691
2022-06-07,6.6649
2022-06-08,6.6634
2022-06-09,6.6811
2022-06-10,6.6994
2022-06-13,6.7182
2022-06-14,6.7482
2022-06-15,6.7518
2022-06-16,6.7099
2022-06-17,6.6923
2022-06-20,6.712
2022-06-21,6.6851
2022-06-22,6.7109
2022-06-23,6.7079
2022-06-24,6.7
2022-06-27,6.685
2022-06-28,6.693
2022-06-29,6.7035
2022-06-30,6.7114
2022-07-01,6.6863
2022-07-04,6.7071
2022-07-05,6.6986
2022-07-06,6.7246
2022-07-07,6.7143
2022-07-08,6.7098
2022-07-11,6.696
2022-07-12,6.7287
2022-07-13,6.7282
2022-07-14,6.7265
2022-07-15,6.7503
2022-07-18,6.7447
2022-07-19,6.7451
2022-07-20,6.7465
2022-07-21,6.762
2022-07-22,6.7522
2022-07-25,6.7543
2022-07-26,6.7483
2022-07-27,6.7731
2022-07-28,6.7411
2022-07-29,6.7437
2022-08-01,6.7467
2022-08-02,6.7462
2022-08-03,6.7813
2022-08-04,6.7636
2022-08-05,6.7405
2022-08-08,6.7695
2022-08-09,6.7584
2022-08-10,6.7612
2022-08-11,6.7324
2022-08-12,6.7413
2022-08-15,6.741
2022-08-16,6.773
2022-08-17,6.7863
2022-08-18,6.7802
2022-08-19,6.8065
2022-08-22,6.8198
2022-08-23,6.8523
2022-08-24,6.8388
2022-08-25,6.8536
2022-08-26,6.8486
2022-08-29,6.8698
2022-08-30,6.8802
2022-08-31,6.8906
2022-09-01,6.8821
2022-09-02,6.8917
2022-09-05,6.8998
2022-09-06,6.9096
2022-09-07,6.916
2022-09-08,6.9148
2022-09-09,6.9098
2022-09-13,6.8928
2022-09-14,6.9116
2022-09-15,6.9101
2022-09-16,6.9305
2022-09-19,6.9396
2022-09-20,6.9468
2022-09-21,6.9536
2022-09-22,6.9798
2022-09-23,6.992
2022-09-26,7.0298
2022-09-27,7.0722
2022-09-28,7.1107
2022-09-29,7.1102
2022-09-30,7.0998
2022-10-10,7.0992
2022-10-11,7.1075
2022-10-12,7.1103
2022-10-13,7.1101
2022-10-14,7.1088
2022-10-17,7.1095
2022-10-18,7.1086
2022-10-19,7.1105
2022-10-20,7.1188
2022-10-21,7.1186
2022-10-24,7.123
2022-10-25,7.1668
2022-10-26,7.1638
2022-10-27,7.157
2022-10-28,7.1698
2022-10-31,7.1768
2022-11-01,7.2081
2022-11-02,7.2197
2022-11-03,7.2472
2022-11-04,7.2555
2022-11-07,7.2292
2022-11-08,7.215
2022-11-09,7.2189
2022-11-10,7.2422
2022-11-11,7.1907
2022-11-14,7.0899
2022-11-15,7.0421
2022-11-16,7.0363
2022-11-17,7.0655
2022-11-18,7.1091
2022-11-21,7.1256
2022-11-22,7.1667
2022-11-23,7.1281
2022-11-24,7.1201
2022-11-25,7.1339
2022-11-28,7.1617
2022-11-29,7.1989
2022-11-30,7.1769
2022-12-01,7.1225
2022-12-02,7.0542
2022-12-05,7.0384
2022-12-06,6.9746
2022-12-07,6.9975
2022-12-08,6.9606
2022-12-09,6.9588
2022-12-12,6.9565
2022-12-13,6.9746
2022-12-14,6.9535
2022-12-15,6.9343
2022-12-16,6.9791
2022-12-19,6.9746
2022-12-20,6.9861
2022-12-21,6.965
2022-12-22,6.9713
2022-12-23,6.981
2022-12-26,6.9825
2022-12-27,6.9546
2022-12-28,6.9681
2022-12-29,6.9793
2022-12-30,6.9646
2023-01-03,6.9475
2023-01-04,6.9131
2023-01-05,6.8926
2023-01-06,6.8912
2023-01-09,6.8265
2023-01-10,6.7611
2023-01-11,6.7756
2023-01-12,6.768
2023-01-13,6.7292
2023-01-16,6.7135
2023-01-17,6.7222
2023-01-18,6.7602
2023-01-19,6.7674
2023-01-20,6.7702
2023-01-30,6.7626
2023-01-31,6.7604
2023-02-01,6.7492
2023-02-02,6.713
2023-02-03,6.7382
2023-02-06,6.7737
2023-02-07,6.7967
2023-02-08,6.7752
2023-02-09,6.7905
2023-02-10,6.7884
2023-02-13,6.8151
2023-02-14,6.8136
2023-02-15,6.8183
2023-02-16,6.8519
2023-02-17,6.8659
2023-02-20,6.8643
2023-02-21,6.8557
2023-02-22,6.8759
2023-02-23,6.9028
2023-02-24,6.8942
2023-02-27,6.9572
2023-02-28,6.9519
2023-03-01,6.94
2023-03-02,6.8808
2023-03-03,6.9117
2023-03-06,6.8951
2023-03-07,6.9156
2023-03-08,6.9525
2023-03-09,6.9666
2023-03-10,6.9655
2023-03-13,6.9375
2023-03-14,6.8949
2023-03-15,6.868
2023-03-16,6.9149
2023-03-17,6.9052
2023-03-20,6.8694
2023-03-21,6.8763
2023-03-22,6.8715
2023-03-23,6.8709
2023-03-24,6.8374
2023-03-27,6.8714
2023-03-28,6.8749
2023-03-29,6.8771
2023-03-30,6.8886
2023-03-31,6.8717
2023-04-03,6.8805
2023-04-04,6.8699
2023-04-06,6.8747
2023-04-07,6.8838
2023-04-10,6.8764
2023-04-11,6.8882
2023-04-12,6.8854
2023-04-13,6.8658
2023-04-14,6.8606
2023-04-17,6.8679
2023-04-18,6.8814
2023-04-19,6.8731
2023-04-20,6.8987
2023-04-21,6.8752
2023-04-24,6.8835
2023-04-25,6.8847
2023-04-26,6.9237
2023-04-27,6.9207
2023-04-28,6.924
2023-05-04,6.9054
2023-05-05,6.9114
2023-05-08,6.9158
2023-05-09,6.9255
2023-05-10,6.9299
2023-05-11,6.9101
2023-05-12,6.9481
2023-05-15,6.9654
2023-05-16,6.9506
2023-05-17,6.9748
2023-05-18,6.9967
2023-05-19,7.0356
2023-05-22,7.0157
2023-05-23,7.0326
2023-05-24,7.056
2023-05-25,7.0529
2023-05-26,7.076
2023-05-29,7.0575
2023-05-30,7.0818
2023-05-31,7.0821
2023-06-01,7.0965
2023-06-02,7.0939
2023-06-05,7.0904
2023-06-06,7.1075
2023-06-07,7.1196
2023-06-08,7.128
2023-06-09,7.1115
2023-06-12,7.1212
2023-06-13,7.1498
2023-06-14,7.1566
2023-06-15,7.1489
2023-06-16,7.1289
2023-06-19,7.1201
2023-06-20,7.1596
2023-06-21,7.1795
2023-06-26,7.2056
2023-06-27,7.2098
2023-06-28,7.2101
2023-06-29,7.2208
2023-06-30,7.2258
2023-07-03,7.2157
2023-07-04,7.2046
2023-07-05,7.1968
2023-07-06,7.2098
2023-07-07,7.2054
2023-07-10,7.1926
2023-07-11,7.1886
2023-07-12,7.1765
2023-07-13,7.1527
2023-07-14,7.1318
2023-07-17,7.1326
2023-07-18,7.1453
2023-07-19,7.1486
2023-07-20,7.1466
2023-07-21,7.1456
2023-07-24,7.1451
2023-07-25,7.1406
2023-07-26,7.1295
2023-07-27,7.1265
2023-07-28,7.1338
2023-07-31,7.1305
2023-08-01,7.1283
2023-08-02,7.1368
2023-08-03,7.1495
2023-08-04,7.1418
2023-08-07,7.138
2023-08-08,7.1565
2023-08-09,7.1588
2023-08-10,7.1576
2023-08-11,7.1587
2023-08-14,7.1686
2023-08-15,7.1768
2023-08-16,7.1986
2023-08-17,7.2076
2023-08-18,7.2006
2023-08-21,7.1987
2023-08-22,7.1992
2023-08-23,7.1988
2023-08-24,7.1886
2023-08-25,7.1883
2023-08-28,7.1856
2023-08-29,7.1851
2023-08-30,7.1816
2023-08-31,7.1811
2023-09-01,7.1788
2023-09-04,7.1786
2023-09-05,7.1783
2023-09-06,7.1969
2023-09-07,7.1986
2023-09-08,7.215
2023-09-11,7.2148
2023-09-12,7.1986
2023-09-13,7.1894
2023-09-14,7.1874
2023-09-15,7.1786
2023-09-18,7.1736
2023-09-19,7.1733
2023-09-20,7.1732
2023-09-21,7.173
2023-09-22,7.1729
2023-09-25,7.1727
2023-09-26,7.1727
2023-09-27,7.1717
2023-09-28,7.1798
2023-10-09,7.1789
2023-10-10,7.1781
2023-10-11,7.1779
2023-10-12,7.1776
2023-10-13,7.1775
2023-10-16,7.1798
2023-10-17,7.1796
2023-10-18,7.1795
2023-10-19,7.1795
2023-10-20,7.1793
2023-10-23,7.1792
2023-10-24,7.1786
2023-10-25,7.1785
2023-10-26,7.1784
2023-10-27,7.1782
2023-10-30,7.1781
2023-10-31,7.1779
2023-11-01,7.1778
2023-11-02,7.1797
2023-11-03,7.1796
2023-11-06,7.178
2023-11-07,7.1776
2023-11-08,7.1773
2023-11-09,7.1772
2023-11-10,7.1771
2023-11-13,7.1769
2023-11-14,7.1768
2023-11-15,7.1752
2023-11-16,7.1724
2023-11-17,7.1728
2023-11-20,7.1612
2023-11-21,7.1406
2023-11-22,7.1254
2023-11-23,7.1212
2023-11-24,7.1151
2023-11-27,7.1159
2023-11-28,7.1132
2023-11-29,7.1031
